IMT,T_equiv,median
pga,0,0.15367521
0.01,0.01,0.1547702
0.02,0.02,0.15807685
0.03,0.03,0.16937755
0.04,0.04,0.18272373
0.05,0.05,0.19940889
0.075,0.075,0.24733235
0.1,0.1,0.2930559
0.15,0.15,0.3418852
0.2,0.2,0.33631915
0.25,0.25,0.3167586
0.3,0.3,0.28438383
0.4,0.4,0.2350799
0.5,0.5,0.19410364
0.75,0.75,0.12903759
1,1,0.110379495
1.5,1.5,0.071050346
2,2,0.04804597
3,3,0.027160658
4,4,0.017693007
5,5,0.012731846
7.5,7.5,0.005665418
10,10,0.003186798
pgv,-1,11.256943
